{
  "name": "WiBo Health - دليلك الصحي الشامل",
  "short_name": "WiBo Health",
  "description": "دليل شامل للتغذية الصحية مع قاعدة أغذية ضخمة، حاسبات صحية، وصفات ومقالات تغذوية احترافية",
  "start_url": "/",
  "scope": "/",
  "display": "standalone",
  "orientation": "portrait-primary",
  "background_color": "#667eea",
  "theme_color": "#667eea",
  "lang": "ar",
  "dir": "rtl",
  "categories": ["health", "food", "lifestyle", "medical"],
  "icons": [
    {
      "src": "/images/icon-192.png",
      "sizes": "192x192",
      "type": "image/png"
    },
    {
      "src": "/images/icon-512.png",
      "sizes": "512x512",
      "type": "image/png"
    }
  ]
}