{
  "packageId": "com.wibohealth.app",
  "host": "wibohealth-app.vercel.app",
  "name": "WiBo Health",
  "launcherName": "WiBo Health",
  "display": "standalone",
  "themeColor": "#4CAF50",
  "themeColorDark": "#1a1a1a",
  "navigationColor": "#4CAF50",
  "navigationColorDark": "#1a1a1a",
  "backgroundColor": "#ffffff",
  "enableNotifications": true,
  "startUrl": "/",
  "iconUrl": "https://wibohealth-app.vercel.app/images/icon-512.png",
  "maskableIconUrl": "https://wibohealth-app.vercel.app/images/icon-512.png",
  "splashScreenFadeOutDuration": 300,
  "appVersionName": "1.0.0",
  "appVersionCode": 1,
  "shortcuts": [
    {
      "name": "دليل الأطعمة",
      "shortName": "أطعمة",
      "url": "/foods.html",
      "chosenIconUrl": "https://wibohealth-app.vercel.app/images/icon-512.png"
    },
    {
      "name": "الحاسبات الصحية",
      "shortName": "حاسبات",
      "url": "/calculators.html",
      "chosenIconUrl": "https://wibohealth-app.vercel.app/images/icon-512.png"
    },
    {
      "name": "الوصفات الصحية",
      "shortName": "وصفات",
      "url": "/recipes.html",
      "chosenIconUrl": "https://wibohealth-app.vercel.app/images/icon-512.png"
    },
    {
      "name": "المقالات الصحية",
      "shortName": "مقالات",
      "url": "/articles.html",
      "chosenIconUrl": "https://wibohealth-app.vercel.app/images/icon-512.png"
    }
  ],
  "orientation": "portrait",
  "minSdkVersion": 21
}
