{
  "version": 2,
  "public": true,
  "headers": [
    {
      "source": "/well-known/assetlinks.json",
      "headers": [
        {
          "key": "Content-Type",
          "value": "application/json"
        },
        {
          "key": "Access-Control-Allow-Origin",
          "value": "*"
        }
      ]
    },
    {
      "source": "/manifest.json",
      "headers": [
        {
          "key": "Content-Type",
          "value": "application/json"
        }
      ]
    },
    {
      "source": "/service-worker.js",
      "headers": [
        {
          "key": "Content-Type",
          "value": "application/javascript"
        },
        {
          "key": "Service-Worker-Allowed",
          "value": "/"
        }
      ]
    },
    {
      "source": "/(.*).html",
      "headers": [
        {
          "key": "Content-Type",
          "value": "text/html; charset=utf-8"
        }
      ]
    },
    {
      "source": "/sitemap.xml",
      "headers": [
        {
          "key": "Content-Type",
          "value": "application/xml"
        },
        {
          "key": "Access-Control-Allow-Origin",
          "value": "*"
        }
      ]
    },
    {
      "source": "/robots.txt",
      "headers": [
        {
          "key": "Content-Type",
          "value": "text/plain"
        }
      ]
    }
  ],
  "rewrites": [
    {
      "source": "/",
      "destination": "/index.html"
    },
    {
      "source": "/en",
      "destination": "/en/index.html"
    },
    {
      "source": "/en/",
      "destination": "/en/index.html"
    },
    {
      "source": "/.well-known/assetlinks.json",
      "destination": "/well-known/assetlinks.json"
    }
  ],
  "cleanUrls": true,
  "trailingSlash": false
}
